{
  "capsule": {
    "runflag": 1, 
    "key": "", 
    "filename": "", 
    "args": "hello", 
    "output": "examples"
  }, 
  "license": {
    "args": "", 
    "expired-date": "", 
    "output": "examples/dist", 
    "runflag": 1, 
    "with-capsule": "examples/hello.zip", 
    "filename": "", 
    "bind": 0
  }, 
  "encrypt": {
    "args": "examples/beer.py", 
    "output": "examples/dist", 
    "runflag": 1, 
    "with-capsule": "examples/hello.zip", 
    "with-extension": "", 
    "path": ""
  }
}
