{
  "license": {
    "args": "", 
    "filename": "", 
    "expired-date": "", 
    "output": "examples/dist", 
    "with-capsule": "examples/foo.zip", 
    "runflag": 1, 
    "bind": 0
  }, 
  "encrypt": {
    "with-extension": "extensions/pytransform-2.2.1.linux-x86_64-py3.1.so", 
    "runflag": 1, 
    "output": "examples/dist", 
    "with-capsule": "examples/foo.zip", 
    "args": "examples/beer.py", 
    "path": ""
  }, 
  "capsule": {
    "key": "", 
    "filename": "", 
    "runflag": 1, 
    "args": "foo", 
    "output": "examples"
  }
}
