{
  "encrypt": {
    "output": "examples/dist", 
    "args": "examples/beer.py", 
    "path": "", 
    "with-capsule": "examples/foo.zip", 
    "with-extension": "", 
    "runflag": 1
  }, 
  "license": {
    "expired-date": "", 
    "output": "examples/dist", 
    "args": "100304PBN2081SF3NJ5T", 
    "bind": 1, 
    "with-capsule": "examples/foo.zip", 
    "filename": "", 
    "runflag": 1
  }, 
  "capsule": {
    "output": "", 
    "filename": "examples/foo.zip", 
    "key": "", 
    "runflag": 0, 
    "args": ""
  }
}