{
  "encrypt": {
    "args": "examples/cgi/wiki.py", 
    "with-capsule": "examples/foo.zip", 
    "path": "", 
    "output": "examples/dist", 
    "runflag": 1, 
    "with-extension": ""
  }, 
  "license": {
    "filename": "", 
    "args": "", 
    "with-capsule": "examples/foo.zip", 
    "expired-date": "", 
    "output": "examples/dist", 
    "runflag": 1, 
    "bind": 0
  }, 
  "capsule": {
    "filename": "examples/foo.zip", 
    "args": "", 
    "output": "", 
    "runflag": 0, 
    "key": ""
  }
}